{
  "vertices" : [-15.0,0.0,-0.5,-15.0,0.0,0.5,-15.0,10.0,-0.5,-15.0,10.0,0.5,15.0,0.0,-0.5,15.0,10.0,-0.5,15.0,0.0,0.5,15.0,10.0,0.5,-15.0,0.0,-0.5,15.0,0.0,-0.5,-15.0,0.0,0.5,15.0,0.0,0.5,-15.0,10.0,-0.5,-15.0,10.0,0.5,15.0,10.0,-0.5,15.0,10.0,0.5,-15.0,0.0,-0.5,-15.0,10.0,-0.5,15.0,0.0,-0.5,15.0,10.0,-0.5,-15.0,0.0,0.5,15.0,0.0,0.5,-15.0,10.0,0.5,15.0,10.0,0.5],
  "indices" : [0,1,2,3,2,1,4,5,6,7,6,5,8,9,10,11,10,9,12,13,14,15,14,13,16,17,18,19,18,17,20,21,22,23,22,21],
    "Kd" : [1.0,1.0,1.0],
    "Ka" : [0.1,0.1,0.1],
    "Ks" : [0.94944,0.94944,0.94944],
  "Ns" : 96.07843

}
